Firstname,Middlename,Lastname,"House no.","Place of birth",Birthday,Age,"Civil status",Gender,"Voter status",email,"Contact Number",Occupation,Citezenship,"Sitio Pook"
Juan,Dela,Cruz,123,Manila,1985-05-15,38,Married,Male,Registered,juan.cruz@example.com,09123456789,Teacher,Filipino,"Purok 1"
Maria,Santos,Reyes,456,"Quezon City",1990-08-22,33,Single,Female,Registered,maria.reyes@example.com,09123456780,Nurse,Filipino,"Purok 2"
Pedro,Gonzales,Bautista,789,"Cebu City",1978-11-05,45,Married,Male,Registered,pedro.bautista@example.com,09123456781,Engineer,Filipino,"Purok 3"
Ana,Perez,Diaz,101,"Davao City",1995-02-18,28,Single,Female,"Not Registered",ana.diaz@example.com,09123456782,Accountant,Filipino,"Purok 4"
Jose,Alvarez,Garcia,202,Makati,1982-07-30,41,Married,Male,Registered,jose.garcia@example.com,09123456783,Doctor,Filipino,"Purok 5"
Carmen,Lopez,Martinez,303,Pasig,1992-04-14,31,Single,Female,Registered,carmen.martinez@example.com,09123456784,Lawyer,Filipino,"Purok 1"
Antonio,Castro,Sanchez,404,Taguig,1975-09-19,48,Widowed,Male,Registered,antonio.sanchez@example.com,09123456785,Architect,Filipino,"Purok 2"
Teresa,Fernandez,Romero,505,Mandaluyong,1988-12-25,35,Married,Female,Registered,teresa.romero@example.com,09123456786,Dentist,Filipino,"Purok 3"
Carlos,Ramirez,Torres,606,Parañaque,1993-06-08,30,Single,Male,"Not Registered",carlos.torres@example.com,09123456787,Programmer,Filipino,"Purok 4"
Elena,Gomez,Flores,707,"Las Piñas",1980-03-17,43,Divorced,Female,Registered,elena.flores@example.com,09123456788,Teacher,Filipino,"Purok 5"
Ramon,Rivera,Mendoza,808,Valenzuela,1972-10-31,51,Married,Male,Registered,ramon.mendoza@example.com,09123456789,"Police Officer",Filipino,"Purok 1"
Sofia,Vargas,Aquino,909,Caloocan,1997-01-28,26,Single,Female,"Not Registered",sofia.aquino@example.com,09123456790,"Graphic Designer",Filipino,"Purok 2"
Luis,Cruz,Ramos,1010,Malabon,1987-07-15,36,Married,Male,Registered,luis.ramos@example.com,09123456791,Firefighter,Filipino,"Purok 3"
Isabel,Reyes,Ortiz,1111,Navotas,1994-09-22,29,Single,Female,Registered,isabel.ortiz@example.com,09123456792,Pharmacist,Filipino,"Purok 4"
Fernando,Diaz,"Del Rosario",1212,Marikina,1968-05-17,55,Widowed,Male,Registered,fernando.delrosario@example.com,09123456793,Retired,Filipino,"Purok 5"
Mia,Santos,Villanueva,1313,Pasay,1999-03-08,24,Single,Female,"Not Registered",mia.villanueva@example.com,09123456794,Student,Filipino,"Purok 1"
Ethan,Alvarez,Taylor,1414,"San Juan",1991-11-11,32,Married,Male,Registered,ethan.taylor@example.com,09123456795,"Business Owner",Filipino,"Purok 2"
Charlotte,Louise,Moore,1515,Muntinlupa,1989-08-04,34,Single,Female,Registered,charlotte.moore@example.com,09123456796,"Marketing Manager",Filipino,"Purok 3"
Ryan,Patrick,Jackson,1616,"Tarlac City",1997-02-19,26,Single,Male,"Not Registered",ryan.jackson@example.com,09123456797,Electrician,Filipino,"Purok 4"
Amelia,Kate,Martin,1717,"Angeles City",1994-12-25,29,Married,Female,Registered,amelia.martin@example.com,09123456798,"Bank Teller",Filipino,"Purok 5"
James,Daniel,Lee,1818,Olongapo,1991-06-30,32,Single,Male,Registered,james.lee@example.com,09123456799,Chef,Filipino,"Purok 1"
Harper,Faith,Perez,1919,Baguio,1996-04-14,27,Single,Female,Registered,harper.perez@example.com,09123456800,Journalist,Filipino,"Purok 2"
Benjamin,Charles,Thompson,2020,"Batangas City",1993-10-08,30,Married,Male,Registered,benjamin.thompson@example.com,09123456801,Farmer,Filipino,"Purok 3"
Evelyn,Hope,White,2121,Lucena,1995-09-17,28,Single,Female,"Not Registered",evelyn.white@example.com,09123456802,"Call Center Agent",Filipino,"Purok 4"
Nathan,Scott,Harris,2222,Legazpi,1990-07-23,33,Married,Male,Registered,nathan.harris@example.com,09123456803,Fisherman,Filipino,"Purok 5"
Abigail,Ruth,Sanchez,2323,Naga,1997-01-11,26,Single,Female,Registered,abigail.sanchez@example.com,09123456804,Teacher,Filipino,"Purok 1"
Logan,Henry,Clark,2424,"Iloilo City",1994-05-29,29,Single,Male,"Not Registered",logan.clark@example.com,09123456805,Driver,Filipino,"Purok 2"
Elizabeth,Joy,Ramirez,2525,Bacolod,1992-12-03,31,Married,Female,Registered,elizabeth.ramirez@example.com,09123456806,Housewife,Filipino,"Purok 3"
Jacob,Andrew,Lewis,2626,"Cagayan de Oro",1996-08-16,27,Single,Male,Registered,jacob.lewis@example.com,09123456807,"Security Guard",Filipino,"Purok 4"
Sofia,Claire,Robinson,2727,"Zamboanga City",1998-06-07,25,Single,Female,"Not Registered",sofia.robinson@example.com,09123456808,Student,Filipino,"Purok 5"
William,George,Walker,2828,Butuan,1989-04-12,34,Married,Male,Registered,william.walker@example.com,09123456809,"Government Employee",Filipino,"Purok 1"
Victoria,Lynn,Young,2929,"Cotabato City",1995-11-21,28,Single,Female,Registered,victoria.young@example.com,09123456810,"Sales Associate",Filipino,"Purok 2"
Samuel,Peter,Allen,3030,"General Santos",1993-02-28,30,Single,Male,Registered,samuel.allen@example.com,09123456811,Mechanic,Filipino,"Purok 3"
Avery,Mae,King,3131,Marawi,1994-10-15,29,Married,Female,"Not Registered",avery.king@example.com,09123456812,Baker,Filipino,"Purok 4"
Jackson,Luke,Wright,3232,Tacloban,1997-07-04,26,Single,Male,Registered,jackson.wright@example.com,09123456813,"Construction Worker",Filipino,"Purok 5"
Scarlett,June,Scott,3333,"Puerto Princesa",1991-09-19,32,Divorced,Female,Registered,scarlett.scott@example.com,09123456814,"Hotel Manager",Filipino,"Purok 1"
Sebastian,Mark,Torres,3434,Tagbilaran,1996-12-24,27,Single,Male,"Not Registered",sebastian.torres@example.com,09123456815,"Tour Guide",Filipino,"Purok 2"
Madison,Paige,Nguyen,3535,Dumaguete,1998-08-09,25,Single,Female,Registered,madison.nguyen@example.com,09123456816,Receptionist,Filipino,"Purok 3"
Aiden,Ryan,Hill,3636,Dipolog,1992-05-13,31,Married,Male,Registered,aiden.hill@example.com,09123456817,Teacher,Filipino,"Purok 4"
Chloe,Dawn,Flores,3737,"Surigao City",1994-03-27,29,Single,Female,"Not Registered",chloe.flores@example.com,09123456818,Artist,Filipino,"Purok 5"
Gabriel,Christian,Green,3838,"La Union",1995-01-08,28,Single,Male,Registered,gabriel.green@example.com,09123456819,Musician,Filipino,"Purok 1"
Lily,Anne,Adams,3939,"Ilocos Norte",1993-10-31,30,Married,Female,Registered,lily.adams@example.com,09123456820,Nurse,Filipino,"Purok 2"
Carter,John,Nelson,4040,Pangasinan,1990-07-16,33,Single,Male,"Not Registered",carter.nelson@example.com,09123456821,Engineer,Filipino,"Purok 3"
Zoey,Marie,Baker,4141,Isabela,1997-04-05,26,Single,Female,Registered,zoey.baker@example.com,09123456822,Student,Filipino,"Purok 4"
Julian,David,Hall,4242,"Nueva Ecija",1994-11-18,29,Single,Male,Registered,julian.hall@example.com,09123456823,Barber,Filipino,"Purok 5"
Penelope,Grace,Rivera,4343,Bulacan,1992-02-22,31,Married,Female,Registered,penelope.rivera@example.com,09123456824,Dentist,Filipino,"Purok 1"
Wyatt,Thomas,Mitchell,4444,Pampanga,1996-09-14,27,Single,Male,"Not Registered",wyatt.mitchell@example.com,09123456825,Waiter,Filipino,"Purok 2"
Hannah,Joyce,Carter,4545,Rizal,1998-05-07,25,Single,Female,Registered,hannah.carter@example.com,09123456826,Student,Filipino,"Purok 3"
Owen,Joseph,Roberts,4646,Cavite,1989-12-30,34,Married,Male,Registered,owen.roberts@example.com,09123456827,"IT Specialist",Filipino,"Purok 4"
Addison,Faith,Phillips,4747,Laguna,1995-08-11,28,Single,Female,"Not Registered",addison.phillips@example.com,09123456828,"Fashion Designer",Filipino,"Purok 5"
