Firstname,Middlename,Lastname,"House Number","Place of Birth",Birthday,Age,"Civil Status",Gender,"Voter Status",Email,"Contact Number",Occupation,Citizenship,Sitio/Pook
Addison,Faith,Phillips,4747,Laguna,1995-08-11,28,Single,Female,"Not Registered",addison.phillips@example.com,09123456828,"Fashion Designer",Filipino,"Purok 5"
Wyatt,Thomas,Mitchell,4444,Pampanga,1996-09-14,27,Single,Male,"Not Registered",wyatt.mitchell@example.com,09123456825,Waiter,Filipino,"Purok 2"
Carter,John,Nelson,4040,Pangasinan,1990-07-16,33,Single,Male,"Not Registered",carter.nelson@example.com,09123456821,Engineer,Filipino,"Purok 3"
Chloe,Dawn,Flores,3737,"Surigao City",1994-03-27,29,Single,Female,"Not Registered",chloe.flores@example.com,09123456818,Artist,Filipino,"Purok 5"
Sebastian,Mark,Torres,3434,Tagbilaran,1996-12-24,27,Single,Male,"Not Registered",sebastian.torres@example.com,09123456815,"Tour Guide",Filipino,"Purok 2"
Avery,Mae,King,3131,Marawi,1994-10-15,29,Married,Female,"Not Registered",avery.king@example.com,09123456812,Baker,Filipino,"Purok 4"
Sofia,Claire,Robinson,2727,"Zamboanga City",1998-06-07,25,Single,Female,"Not Registered",sofia.robinson@example.com,09123456808,Student,Filipino,"Purok 5"
Logan,Henry,Clark,2424,"Iloilo City",1994-05-29,29,Single,Male,"Not Registered",logan.clark@example.com,09123456805,Driver,Filipino,"Purok 2"
Evelyn,Hope,White,2121,Lucena,1995-09-17,28,Single,Female,"Not Registered",evelyn.white@example.com,09123456802,"Call Center Agent",Filipino,"Purok 4"
Ryan,Patrick,Jackson,1616,"Tarlac City",1997-02-19,26,Single,Male,"Not Registered",ryan.jackson@example.com,09123456797,Electrician,Filipino,"Purok 4"
Mia,Santos,Villanueva,1313,Pasay,1999-03-08,24,Single,Female,"Not Registered",mia.villanueva@example.com,09123456794,Student,Filipino,"Purok 1"
Sofia,Vargas,Aquino,909,Caloocan,1997-01-28,26,Single,Female,"Not Registered",sofia.aquino@example.com,09123456790,"Graphic Designer",Filipino,"Purok 2"
Carlos,Ramirez,Torres,606,Parañaque,1993-06-08,30,Single,Male,"Not Registered",carlos.torres@example.com,09123456787,Programmer,Filipino,"Purok 4"
Ana,Perez,Diaz,101,"Davao City",1995-02-18,28,Single,Female,"Not Registered",ana.diaz@example.com,09123456782,Accountant,Filipino,"Purok 4"
